"STATUS_0", "Ungültig / Unvollständig"
"STATUS_1", "Durch den Kunden annuliert"
"STATUS_2", "Genehmigung verweigert"
"STATUS_4", "Bestellung gespeichert"
"STATUS_40", "Gespeichert, warten auf externes Ergebnis"
"STATUS_41", "Erwartete Zahlung durch den Kunden"
"STATUS_46", "Austehend (Warten auf Identifikation)"
"STATUS_5", "Genehmigt"
"STATUS_50", "Genehmigt, warten auf externes Ergebnis"
"STATUS_51", "Genehmigung im Wartezustand"
"STATUS_52", "Genehmigung nicht bekannt"
"STATUS_55", "Stand-by"
"STATUS_56", "OK mit planmäßigen Zahlungen"
"STATUS_57", "Fehler in planmäßigen Zahlungen"
"STATUS_59", "Manuelle Genehmigung"
"STATUS_6", "Genehmigt und storniert"
"STATUS_61", "Annulierung der Genehmigung im Wartezustand"
"STATUS_62", "Annulierung der Genehmigung unsicher"
"STATUS_63", "Annulierung der Genehmigung verweigert"
"STATUS_64", "Genehmigt und storniert"
"STATUS_7", "Zahlung gelöscht"
"STATUS_71", "Löschung der Zahlung im Wartezustand"
"STATUS_72", "Payment deletion uncertain"
"STATUS_73", "Löschung der Zahlung verweigert"
"STATUS_74", "Zahlung gelöscht"
"STATUS_75", "Löschung durch Händler"
"STATUS_8", "Gutschrift"
"STATUS_81", "Gutschrift im Wartezustand"
"STATUS_82", "Gutschrift unsicher"
"STATUS_83", "Gutschrift verweigert"
"STATUS_84", "Bezahlung von Akzeptanzpartner verweigert"
"STATUS_85", "Gutschrift durch Händler"
"STATUS_9", "Zahlung beantragt"
"STATUS_91", "Zahlung im Wartezustand"
"STATUS_92", "Zahlung unsicher"
"STATUS_93", "Zahlung verweigert"
"STATUS_94", "Gutschrift von Akzeptanzpartner verweigert"
"STATUS_95", "Zahlung durch Händler"
"STATUS_99", "In Bearbeitung"
"Hash is not valid", "SHA-Verschlüsselung ist ungültig"
"Order is not valid", "Bestellung ist ungültig"
"Process outgoing transaction", "Verarbeitung ausgehender Transaktionen"
"Start PayEngine processing", "Starte PayEngine Verarbeitung"
"Your payment information was declined. Please select another payment method.", "Die Zahlung wurde abgelehnt. Bitte wählen Sie eine andere Zahlungsweise"
"Order canceled on PayEngine side. Status: %s, Payment ID: %s.", "Bestellung von PayEngine Seite verweigert. Status: %s, Bezahlungs ID: %s."
"Account number must contain numbers only.", "Die Kontonummer darf nur Ziffern beinhalten"
"Bank code must contain numbers only.", "Die Bankleitzahl darf nur Ziffern beinhalten"
"Account Holder must be filled in.", "Der Kontoinhaber muß angegeben werden."
"Capture process complete", "Datenverarbeitungsprozess komplettiert"
"The capture has already been invoiced.", "Die Transaktion wurde bereits in Rechnung gestellt"
"Cannot create an invoice without products.", "Es kann keine Rechnung ohne Artikel erstellt werden."
"Partial capture process complete", "Teilzahlungsprozess abgeschlossen."
"Invoice '%s' was created automatically. PayEngine Status: %s.", "Rechnung '%s' wurde automatisch erstellt. PayEngine Status: %s."
"Start PayEngine refund request", "Starte PayEngine Gutschrifts Anfrage"
"Creditmemo will be created automatically as soon as PayEngine sends an acknowledgement. PayEngine Status: %s.", "Eine Gutschrift wird automatisch erstellt sobald PayEngine dies bestätigt. PayEngine Status: %s."
"Creditmemo '%s' was created automatically. PayEngine Status: %s.", "Gutschrift '%s' wurde autmatisch erstellt. PayEngine Staus: %s."
"Could not perform actions for PayEngine status: %s.", "Aktionen für PayEngine Status: %s nicht möglich."
"Refund is waiting or uncertain. PayEngine status: %s.", "Gutschrift in Wartezustand oder unsicher. PayEngine Status: %s."
"Refund was refused. Automatic creation failed. PayEngine status: %s.", "Gutschrift verweigert. Automatische Erstellung fehlgeschlagen. PayEngine Status: %s."
"Capture is waiting or uncertain. PayEngine status: %s.", "Zahlung in Wartezustand oder unsicher. PayEngine status: %s."
"Capture was refused. Automatic creation failed. PayEngine status: %s.", "Zahlung verweigert. Automatische Erstellung fehlgeschlagen. PayEngine Status: %s."
"Void is waiting or uncertain. PayEngine status: %s.", "Void in Wartezustand oder unsicher. PayEngine status: %s."
"Void was refused. Automatic creation failed. PayEngine status: %s.", "Void verweigert. Automatische Erstellung fehlgeschlagen. PayEngine Status: %s."
"Authorization status changed. Current PayEngine status is: %s.", "Status der Genehmigung geändert. Aktueller PayEngine Status ist: %s."
"Unknown PayEngine status: %s.", "Unbekannter PayEngine Status: %s."
"Error, transaction count is %s instead of 1 for the Payid '%s', order '%s' and Operation '%s'.", "Fehler, Anzahl der Transaktionen ist %s anstatt 1 für Pay ID '%s', Bestellung '%s' und Operation '%s'."
"Order can not be saved.", "Bestellung kann nicht gespeichert werden."
"Order can not be canceled for system reason.", "Bestellung kann aus Systemgründen nicht abgebrochen werden."
"Order declined on ops side. PayEngine status: %s, Payment ID: %s.", "Bestellung von PayEngine verweigert. PayEngine Status: %s, Bezahlungs ID: %s."
"Order can not be saved for system reason.", "Bestellung kann aus Systemgründen nicht gespeichert werden."
"An unknown exception occured.", "Ein unbekannter Fehler ist aufgetreten."
"A technical problem arose during payment process, giving unpredictable result. PayEngine status: %s.", "Ein technisches Problem ist während der Verarbeitung aufgetreten, PayEngine Status: %s."
"An unknown exception was thrown in the payment process. PayEngine status: %s.", "Ein unbekanntes Ereignis wurde im Zahlungsprozess ausgelöst. PayEngine Status: %s."
"Waiting for the payment of the customer", "Warten auf die Zahlung des Kunden"
"Authorization waiting from PayEngine", "Warten auf Genehmigung von PayEngine"
"Processed by PayEngine", "Verarbeitet von PayEngine"
"Waiting for payment. PayEngine status: %s.", "Warten auf Zahlung. PayEngine Status: %s."
"Authorization waiting. PayEngine status: %s.", "Genehmigung im Wartezustand. PayEngine Status: %s."
"Authorization uncertain. PayEngine status: %s.", "Genehmigung unsicher. PayEngine Status: %s."
"Processed by PayEngine. Payment ID: %s. PayEngine status: %s.", "Verarbeitet von PayEngine. Bezahlungs ID: %s. PayEngine Status: %s."
"PayEngine server is temporarily not available, please try again later.", "PayEngine Server ist vorübergehend nicht erreichbar. Bitte versuchen Sie es später erneut."
"An error occured during the PayEngine request. Your action could not be executed. Message: '%s'.", "Während der PayEngine Anfrage trat ein Fehler auf. Ihr Vorgang konnte nicht ausgeführt werden. Nachricht: '%s'."
"You already sent a capture request. Please wait until the capture request is acknowledged.", "Sie haben bereits eine Buchungsanfrage gesendet. Bitte warten Sie bis die Buchungsanfrage bestätigt wurde."
"There is one void request waiting. Please wait until this request is acknowledged.", "Es ist eine Void Anfrage im Wartezustand. Bitte warten Sie bis die Anfrage bestätigt wurde."
"Start PayEngine %s capture request", "Starte PayEngine %s Buchungsanfrage"
"Invoice will be created automatically as soon as PayEngine sends an acknowledgement. PayEngine status: %s.", "Die Rechnung wird  automatisch erstellt, sobald eine Bestätigung von OSP gesendet wird. PayEngine Status: %s."
"The Invoice will be created automatically as soon as PayEngine sends an acknowledgement.", "Die Rechnung wird automatisch erstellt, sobald eine Bestätigung von PayEngine gesendet wird."
"The Invoice was not created. PayEngine status: %s.", "Die Rechnung wurde nicht erstellt. PayEngine Status: %s."
"The CreditMemo was not created. PayEngine status: %s.", "Die Gutschrift wurde nicht erstellt. PayEngine Status: %s."
"The Creditmemo will be created automatically as soon as PayEngine sends an acknowledgement.", "Die Gutschrift wird automatisch erstellt, sobald eine Bestätigung von PayEngine gesendet wird."
"There is already one creditmemo in the queue. The Creditmemo will be created automatically as soon as PayEngine sends an acknowledgement.", "Es ist bereits eine Gutschrift in der Warteschlange. Die Gutschrift wird automatisch erstellt, sobald eine Bestätigung von PayEngine gesendet wurde."
"Please use void to cancel the operation.", "Bitte benutzen Sie Void um den Vorgang abzubrechen."
"You already sent a void request. Please wait until the void request will be acknowledged.", "Sie haben bereits eine Void Anfrage gesendet. Bitte warten Sie bis diese bestätigt ist."
"There is one capture request waiting. Please wait until this request is acknowledged.", "Eine Zahlungserfassung ist im Wartezustand. Bitte warten Sie bis die Anfrage bestätigt wurde."
"The void request is sent. Please wait until the void request will be accepted.", "Die Void Anfrage wurde gesendet. Bitte warten Sie bis die Void Anfrage akzeptiert wird."
"Void order succeed. PayEngine status: %s.", "Void der Bestellung war erfolgreich. PayEngine Status: %s."
"Void order failed. PayEngine status: %s.", "Void der Bestellung ist nicht erfolgt. PayEngine Status: %s."
"Authorization", "Genehmigung"
"Direct Sale", "Direktbuchung"
"Horizontally grouped logo with group name on left", "horizontal gruppiertes Logo mit Gruppenname auf der linken Seite"
"Horizontally grouped logo with no group name", "horizontal gruppiertes Logo ohne Gruppenname"
"Verical list", "vertikale Liste"
"You will be redirected to the payment page after the order confirmation.", "Nach der Bestellbestätigung werden Sie auf die Bezahlungsseite weitergeleitet."
"Payment failed. Please select another payment method.", "Zahlung nicht erfolgt. Bitte wählen Sie eine andere Zahlungsmethode."
"Payment failed. Please review your input or select another payment method.", "Zahlung nicht erfolgt. Bitte überprüfen Sie ihre Eingaben oder wählen Sie eine andere Zahlungsmethode."
"Incorrect credit card expiration date.", "Falsches Gültigkeitsdatum der Kreditkarte."
"Credit Card Type", "Kreditkartentyp"
"Name on Card", "Karteninhaber"
"Credit Card Number", "Kreditkartennummer"
"Expiration Date", "Gültigkeitsdatum"
"Account holder", "Kontoinhaber"
"Account number", "Kontonummer"
"Bank code", "Bankleitzahl"
"BCMC", "Bancontact/Mister Cash"
"You will be redirected to PayEngine website when you place an order.", "Sie werden auf die PayEngine Webseite weitergeleitet wenn Sie eine Bestellung ausführen."
"Please wait a moment. This page will transfer your data to PayEngine payment gateway in a few seconds.", "Bitte warten Sie. Diese Seite leitet Ihre Daten in wenigen Sekunden an das PayEngine Zahlungsprotokoll weiter."
"An error occured during 3D-Secure processing of PayEngine. Error: %s", "Ein Fehler ist während der 3D-Secure Verarbeitung seitens PayEngine aufgetreten. Fehler: %s"
"PSPID is a case sensitive field", "Bitte achten Sie auf Groß-/Kleinschreibung"
"SHA-IN Pass phrase", "SHA-1-IN Signatur"
"Refer to PayEngine's backend in section <em>Technical Information</em> on tab <em>Data and origin verification</em>.", "Diese finden Sie im PayEngine Backend im Bereich <em>Technische Informationen</em> im Reiter <em>Daten- und Ursprungsüberprüfung</em>."
"SHA-OUT Pass phrase", "SHA-1-OUT Signatur"
"Refer to PayEngine's backend in section <em>Technical Information</em> on tab <em>Transaction feedback</em>.", "Diese finden Sie im PayEngine Backend im Bereich <em>Technische Informationen</em> im Reiter <em>Transaktions Feedback</em>."
"Test url example: https://secure.payengine.de/ncol/test/orderstandard_utf8.asp<br />Production url example: https://secure.payengine.de/ncol/prod/orderstandard_utf8.asp", "URL-Beispiel Testbetrieb: https://secure.payengine.de/ncol/test/orderstandard_utf8.asp<br />URL-Beispiel Produktivbetrieb: https://secure.payengine.de/ncol/prod/orderstandard_utf8.asp"
"Test url example: https://secure.payengine.de/ncol/test/Tokenization/HostedPage<br />Production url example: https://secure.payengine.de/ncol/prod/Tokenization/HostedPage", "URL Beispiel Testbetrieb: https://secure.payengine.de/ncol/test/Tokenization/HostedPage<br />URL Beispiel Produktivbetrieb: https://secure.payengine.de/ncol/prod/Tokenization/HostedPage"
"Test url example: https://secure.payengine.de/ncol/test/maintenancedirect.asp<br />Production url example: https://secure.payengine.de/ncol/prod/maintenancedirect.asp", "URL-Beispiel Testbetrieb: https://secure.payengine.de/ncol/test/maintenancedirect.asp<br />URL-Beispiel Produktivbetrieb: https://secure.payengine.de/ncol/prod/maintenancedirect.asp"
"Test url example: https://secure.payengine.de/ncol/test/orderdirect.asp<br />Production url example: https://secure.payengine.de/ncol/prod/orderdirect.asp", "URL-Beispiel Testbetrieb: https://secure.payengine.de/ncol/test/orderdirect.asp<br />URL-Beispiel Produktivbetrieb: https://secure.payengine.de/ncol/prod/orderdirect.asp"
"API User", "API Benutzer"
"API Password", "API Passwort"
"Payment Action", "Zahlungsaktion"
"If you choose 'PayEngine', you will need to fill in all the following fields.", "Wenn Sie 'PayEngine Template' wählen, müssen Sie die folgenden Felder ausfüllen."
"Payment Template", "Bezahlseitenvorlage"
"Title of the PayEngine Template", "Titel der PayEngine-Vorlage"
"Background Color of PayEngine Template", "Hintergrundfarbe der PayEngine-Vorlage"
"Text Color of the PayEngine Template", "Textfarbe der  PayEngine-Vorlage"
"Table Background Color of the PayEngine Template", "Tabellenhintergrundfarbe der PayEngine Vorlage"
"Table Text Color of the PayEngine Template", "Tabellentextfarbe der PayEngine Vorlage"
"Button Background Color of the PayEngine Template", "Schaltflächenhintergrundfarbe der PayEngine Vorlage"
"Button Text Color of the PayEngine Template", "Schaltflächentextfarbe der PayEngine Vorlage"
"Font Family of the PayEngine Template", "Schriftfamilie der PayEngine Vorlage"
"Logo of the PayEngine Template", "Logo der PayEngine Vorlage"
"Layout of Payment Methods", "Ausrichtung der Zahlungsarten"
"e.g: white", "in englisch, z. B. <em>white</em>"
"e.g: black", "in englisch, z. B. <em>black</em>"
"e.g: Verdana", "z. B. Verdana"
"Debug", "Fehlerprotokoll"
"PayEngine Account", "PayEngine Einstellungen"
"devprefix", "Präfix für Parameter ORDERID"
"URL/filename of the logo. The URL must be absolute and stored on a secure server.", "URL/Dateipfad zum Logo. Die URL muss absolut sein und auf einen sicheren Server verweisen."
"Countries", "Länder"
"Card Types", "Kartentypen"
"Enable 3D secure", "3D-Secure aktivieren"
"OWNERADDRESS", "Straßenname der Rechnungsadresse"
"ECOM_BILLTO_POSTAL_STREET_NUMBER", "Hausnummer der Rechnungsadresse"
"ECOM_SHIPTO_POSTAL_STREET_LINE1", "Straßenname der Lieferadresse"
"ECOM_SHIPTO_POSTAL_STREET_NUMBER", "Hausnummer der Lieferadresse"
"Please make sure that your street and house number are correct!", "Bitte prüfen Sie, ob Straße und Hausnummer korrekt sind."
"Brand", "Gutscheincode"
"Add Brand", "Gutschein hinzufügen"
"Add one or more brands. In field 'BRAND' you will have to enter the value you got from PayEngine.", "Fügen Sie einen oder mehrere Gutscheine hinzu. Im Feld 'Gutscheincode' ist der Wert einzugeben, den Sie von PayEngine erhalten haben."
"Title", "Titel"
"Please select a brand", "Bitte wählen Sie einen Gutschein"
"Attention: This may be an attempt to defraud!", "Achtung! Dies könnte ein Betrugsversuch sein!"
"This might be a fraud attempt. Please check details for more information.", "Dies könnte ein Betrugsversuch sein.  Bitte prüfen Sie die Details."
"Scoring Category: G", "Scoring-Kategorie: G (Grün)"
"Scoring Category: O", "Scoring-Kategorie: O (Orange)"
"Scoring Value: %s", "Scoring-Wert: %s"
"SCORING_DESCRIPTION_AAVCHECK", "Ergebnis der automatischen Adressprüfung (derzeit nur für American Express verfügbar).<br />Mögliche Werte:<br />KO: Ungültige Adresse<br />OK: Adresse ist gültig<br />NO: Prüfung wurde nicht durchgeführt"
"SCORING_DESCRIPTION_CVCCHECK", "Ergebnis der Prüfung des Kreditkarten-Sicherheitscodes.<br />Mögliche Werte:<br />KO: Code ungültig<br />OK: Code ist gültig<br />NO: Prüfung wurde nicht durchgeführt"
"SCORING_DESCRIPTION_CCCTY", "Ausgabeland der Kreditkarte (2-stelliger Ländercode, '99' bei unbekanntem Ausgabeland)"
"SCORING_DESCRIPTION_IPCTY", "IP-Herkunftsland (2-stelliger Ländercode, '99' bei unbekanntem Land)"
"SCORING_DESCRIPTION_NBREMAILUSAGE", "Anzahl der Verwendungen dieser E-Mail-Adresse über einen bestimmten Zeitraum (wenn die entsprechende Regel konfiguriert wurde)"
"SCORING_DESCRIPTION_NBRIPUSAGE", "Anzahl der Verwendungen dieser IP-Adresse für erfolgreiche Transaktionen über einen bestimmten Zeitraum (wenn die entsprechende Regel konfiguriert wurde)"
"SCORING_DESCRIPTION_NBRIPUSAGE_ALLTX", "Anzahl der Verwendungen dieser IP-Adresse für erfolgreiche und/oder abgelehnte Transaktionen über einen bestimmten Zeitraum (wenn die entsprechende Regel konfiguriert wurde)"
"SCORING_DESCRIPTION_NBRUSAGE", "Anzahl der Verwendungen dieser Kreditkarte (wenn die entsprechende Regel konfiguriert wurde)"
"SCORING_DESCRIPTION_VC", "Virtuelle Karte<br />Mögliche Werte:<br />ECB: E Carte Bleue<br />ICN: Internet City Number<br />NO: Alle anderen Karten (z.B. unbekannt oder nicht virtuell)"
"SCORING_DESCRIPTION_CARDNO", "Kartennummer (pseudonymisiert)"
"SCORING_DESCRIPTION_ED", "Ablaufdatum der verwendeten Karte"
"SCORING_DESCRIPTION_CN", "Karteninhaber"
"Sofort Uberweisung", "SOFORT Überweisung"
"DirectEbanking", "sofortüberweisung.de"
"DirectEbankingAT", "SOFORT Überweisung (AT)"
"DirectEbankingBE", "SOFORT Überweisung (BE)"
"DirectEbankingCH", "SOFORT Überweisung (CH)"
"DirectEbankingDE", "SOFORT Überweisung (DE)"
"DirectEbankingFR", "SOFORT Überweisung (FR)"
"DirectEbankingGB", "SOFORT Überweisung (GB)"
"Card Verification Number", "Kartenprüfnummer"
"Invalid payment information provided!", "Die angegebenen Zahlungsdaten sind ungültig!"
"Unknown PayEngine state for this order. Please check PayEngine backend for this order.", "Unbekannter PayEngine Status für diese Bestellung. Bitte überprüfen sie den Status im PayEngine Backend."
"The order was cancelled manually. The PayEngine-state is 0 or null.", "Die Bestellung wurde manuell storniert. Der PayEngine-Status ist 0 oder null."
"Last refund (Close payment transaction)", "Letzte Gutschrift (Schließt die Zahlungstransaktion)"
"Only offline refund is available, since PayEngine transaction is already closed.", "Die Gutschrift kann nur noch offline erfolgen, da die PayEngine Transaktion bereits geschlossen ist."
"Order reference in case of redirect payments", "Referenz der Bestellungen für Redirect-Zahlungen"
"Order reference in case of inline payments", "Referenz der Bestellungen für Inline-Zahlungen"
"See chapter 'configuration', section 'Magento - Backend in the documentation'. Please note that the option 'orderId' is not used for the Kwixo payment methods.", "Siehe Kapitel 'Konfiguration' Abschnitt 'Magento-Backend' in der Dokumentation. Bitte beachten Sie, dass die Option 'OrderId' nicht bei den Kwixo Zahlungsmethoden zur Verfügung steht."
"See chapter 'configuration', section 'Magento - Backend in the documentation'.", "Siehe Kapitel 'Konfiguration' Abschnitt 'Magento-Backend' in der Dokumentation."
"quote id", "Quote ID"
"order id", "Order ID"
"Enable tracking code", "Tracking Code zur Betrugserkennung aktivieren"
"The ID of Tracker Application Account", "Tracking Application Account ID"
"Delete", "löschen"
"active", "aktiviert"
"Action", "Aktion"
"pending", "ausstehend"
"Kwixo Category Mapping", "Kwixo Kategorien Zuordnung"
"Please note that a proper category mapping is necessary in order to use this payment method", "Bitte beachten Sie, dass eine Kategorienzuordnung notwendig ist, um diese Zahlart nutzen zu können."
"ECOM_SHIPTO_TELECOM_PHONE_NUMBER", "Telefonnummer des Empfängers"
"ECOM_SHIPTO_POSTAL_NAME_PREFIX", "Anrede des Empfängers"
"CIVILITY", "Anrede des Rechnungsempfängers"
"Are you sure you want to cancel this order? Warning: Please check the payment status in the back-office of PayEngine before. By cancelling this order you won\'t be able to update the status in Magento anymore.", "Wollen Sie diese Bestellung wirklich stornieren? Warnung: Bitte prüfen Sie vorher den Zahlungsstatus im PayEngine-Backend. Wenn Sie diese Bestellung stornieren, können Sie deren Status in Magento nicht mehr verändern."
"Error transaction count is %s instead of 1 for the Payid '%s'", "Fehler: Transaktionsversuche sind %s anstatt von 1 für die Bezahlungs ID '%s', Bestellung '%s' und Vorgang '%s'."
"--Please select--", "--Bitte auswählen--"
"Pick up at merchant", "Abholen beim Verkäufer"
"Collection point (Kiala...)", "Sammelstelle (Kiala...)"
"Collect at airport, train station or travel agency", "Flughafen, Bahnstation oder Reisebüro"
"Transporter (La Poste, UPS...)", "Transport (Post, UPS)"
"Download", "Herunterladen"
"Food & gastronomy", "Essen & Gastronomie"
"Car & Motorbike", "Auto & Motorrad"
"Culture & leisure", "Kultur & Freizeit"
"Home & garden", "Haus & Garten"
"Appliances", "Haushaltsgeräte"
"Auctions and bulk purchases", "Auktionen und Großeinkauf"
"Flowers & gifts", "Blumen & Geschenke"
"Computer & software", "Computer & Software"
"Health & beauty", "Gesundheit & Schönheit"
"Services for individuals", "Dienstleistungen für Privatpersonen"
"Services for professionals", "Serviceleistungen für Profis"
"Sports", "Sport"
"Clothing & accessories", "Kleidung & Accessoires"
"Travel & tourism", "Reisen & Tourismus"
"Hifi, photo & video", "Hifi, Foto & Video"
"Telephony & communication", "Telefonie & Kommunikation"
"Jewelry & precious metals", "Schmuck & Edelmetalle"
"Baby articles and accessories", "Baby-Artikel und Accessoires"
"Sound & light", "Sound & Licht"
"PayEngine server is temporarily not available", "Der PayEngine Server ist zur Zeit nicht verfügbar. Bitte versuchen Sie es später."
"Country", "Land"
"Enable redirect payment for all card types", "Für alle Kreditkartentypen zur Zahlung weiterleiten"
"Enable inline payment for these card types", "Eingebettete Zahlung für diese Kartentypen aktivieren"
"Miscellaneous Countries", "Sonstige Länder"
"Please make sure that you enabled customer gender and customer date of birth in customer attributes configuration. Otherwise this payment method won't be available. Please be informed that when you use Afterpay or Klarna as acquirer on PayEngine side, it's not possible to perform partial captures.", "Stellen Sie sicher, dass Geschlecht und Geburtstag im Checkout Pflichtfelder sind. Ansonsten wird diese Zahlart nicht angezeigt. Beachten Sie außerdem, dass bei Nutzung von Afterpay oder Klarna bei PayEngine als Acquirer keine Teilerfassungen möglich sind."
"Your details", "Ihre Angaben"
"PayEngine Payment failed", "PayEngine Zahlung fehlgeschlagen"
"Enable for backend", "Für Zahlungen im Backend erlauben"
"Sort Order for backend", "Reihenfolge im Backend"
"Existing PayEngine transaction", "Existierende PayEngine-Transaktion"
"PayEngine payment id", "PayEngine-Transaktionsnummer"
"Please use this method for the following brands only:", "Bitte benutzen Sie eine der folgenden Kartentypen:"
"Payment using 3D secure is not supported.", "Zahlungsarten, die 3D Secure benutzen, werden nicht unterstützt."
"My payment information", "Meine Zahlungsdaten"
"Payment Method", "Zahlungsart"
"Card Number/Account Number", "Kartennummer/Kontonummer"
"expires: %s", "gültig bis: %s"
"Save payment information", "Zahlungsdaten speichern"
"You don't want to enter your payment information again? Just %s to save your credit card information securely!", "Sie möchten Ihre Zahlungsdaten nicht immer wieder neu eingeben müssen? %s Sie sich, damit Sie Ihre Zahlungsdaten sicher hinterlegen können!"
"register", "Registrieren"
"Removed alias %s.", "Der Alias %s wurde gelöscht."
"Could not remove alias %s.", "Der Alias %s konnte nicht gelöscht werden."
"Show information for guests", "Gästen Hinweis anzeigen"
"If this checkbox is marked, the refund will be final: the transaction will be closed and it will not be possible to perform any further refund for this transaction.", "Wenn diese Checkbox markiert ist, wird dies die abschließende Gutschrift sein und die Transaktion wird geschlossen, sodass keine weiteren Gutschriften mehr angelegt werden können."
"Show Quote ID in the order grid", "Quote ID im Order Grid anzeigen"
"Enabled Alias Manager", "Alias Manager aktivieren"
"Show Alias Manager information for guests", "Alias Manager Info für Gäste anzeigen"
"State", "Status"
"Card Holder", "Karteninhaber"
"You did not save any payment information, yet.", "Sie haben bisher noch keine Zahlungsdaten gespeichert"
"Please make sure that the displayed data is correct.", "Bitte stellen Sie sicher dass die angezeigten Daten korrekt sind."
"Year of Expiration Date", "Jahr des Ablaufdatums"
"Month of Expiration Date", "Monat des Ablaufdatums"
"Kwixo category", "Kwixo Kategorie"
"Apply to sub-categories", "Auf Unterkategorien anwenden"
"Categories configuration", "Kategorien Zuordnung"
"Categorie's %s configuration", "Zuordnung der Kategorie %s"
"Estimated Delivery Date", "Voraussichtliches Lieferdatum"
"RNP Fee", "Nachnahmegebühr"
"Shipping Method Type", "Versandart"
"Shipping Method Details", "weitere Details zum Versand"
"An error occured during 3D-Secure processing of PayEngine.", "Ein Fehler ist während der 3D-Secure Verarbeitung seitens PayEngine aufgetreten."
"Shipping method type", "Versandart Typ"
"Shipping method speed", "Versandgeschwindigkeit (Stunden)"
"Shipping method details", "Versanddetails"
"shipping details not valid", "Versanddetails ungültig"
"shipping speed not valid", "Versandgeschwindigkeit ungültig"
"shipping type not valid", "Versandart ungültig"
"Default Shipping Method Type", "Standardversandart"
"Default Shipping method speed", "Standardversandgeschwindigkeit"
"Default Shipping Method Details", "Standardversanddetails"
"Kwixo shipping setting", "Kwixo Versandarten Konfiguration"
"Don't forget to set your shipping method to use KWIXO in the best way", "Vergessen Sie nicht die Versandarten zu konfigurieren, um die Kwixo Zahlarten bestmöglich zu nutzen"
"Unknown country within the IBAN '%value%'", "Unbekanntes Land für den IBAN-Wert '%value%'"
"%value%' has a false IBAN format", "%value%' hat ein falsches IBAN Format"
"%value%' has failed the IBAN check", "%value% ist keine gültige IBAN"
"Country not supported for IBAN", "IBAN wird für dieses Land nicht unterstützt"
"invalid data provided", "Ungültige Daten"
"Account holder must be provided", "Kontoinhaber darf nicht leer sein"
"invalid BIC provided", "Ungültige BIC angegeben"
"Invalid IBAN provided", "Ungültige IBAN"
"Kwixo shipping method type", "Kwixo Versandart"
"Shipping speed (in hours)", "Versandgeschwindigkeit (in Stunden)"
"Default Shipping speed (in hours)", "Standardversandgeschwindigkeit (in Stunden)"
"kwixo_apres_reception_description", "Kwixo Apres Reception Beschreibung"
"kwixo_payement_en_1_fois_description", "Kwixo einmahlige Zahlung Beschreibung"
"paiement_en_plusiers_fois_description", "Ratenzahlung Beschreibung"
"DirectLink Maintenance API URL", "DirectLink Maintenance API URL"
"Allow zero amount authorization", "Erlaube Authorisierung auch wenn der Betrag gleich 0 ist"
"Only if payment action is authorize.", "Nur verfügbar, wenn unter Zahlungsservice die Zahlungsaktion auf Genehmigung konfiguriert ist."
"Submit extra parameters", "Submit extra parameters"
"Enable this if you wish to use fraud detection", "Aktivieren Sie diese Option, wenn Sie die Betrugserkennung nutzen möchten."
"The data you have provided can not be processed by PayEngine", "Die eingebenen Daten können von PayEngine nicht verarbeitet werden"
"Test url example: https://secure.payengine.de/ncol/prod/querydirect.asp <br/>Production url example: https://secure.payengine.de/ncol/prod/querydirect.asp", "URL-Beispiel Testbetrieb: https://secure.payengine.de/ncol/prod/querydirect.asp <br/>URL-Beispiel Produktivbetrieb: https://secure.payengine.de/ncol/prod/querydirect.asp"
"Refresh payment status", "Zahlungsstatus aktualisieren"
"PayEngine status successfully updated", "PayEngine Status erfolgreich aktualisiert"
"revert state update to it\'s original one because of PayEngine\'s state restriction", "Der Status der Bestellung konnte nicht geändert werden, da der PayEngine Status dies nicht erlaubt"
"This must be identical to the value in the PayEngine backend in section <em>Technical information</em> on tab <em>Data and origin verification</em>.", "Muss identisch mit dem Wert im PayEngine-Backend unter <em>Technische Informationen</em> auf dem Tab <em>Daten und Ursprungsprüfung</em> sein."
"This must be identical to the value in the PayEngine backend in section <em>Technical information</em> on tab <em>Transaction feedback</em>.", "Muss identisch mit dem Wert im PayEngine-Backend unter <em>Technische Informationen</em> auf dem Tab <em>Transaktions-Feedback</em> sein."
"Special user for API must be created in the PayEngine backend in section <em>Users</em>.", "Spezieller Benutzer für API muss im PayEngine-Backend unter <em>Benutzerverwaltung</em> erstellt werden."
"Password which has been set in the PayEngine backend for above API user.", "Passwort, dass im PayEngine-Backend für den o.g. API-Benutzer vergeben wurde."
"This setting will override the configuration in the PayEngine backend in section <em>Technical information</em> on tab <em>Global transaction parameters</em>.", "Diese Option überschreibt die Einstellung im PayEngine-Backend unter <em>Technische Informationen</em> auf dem Tab <em>Globale Transaktionsparameter</em>."
"Only enable this if you wish to use Fraud Detection.", "Nur aktivieren, wenn Betrugserkennung genutzt wird."
"This will log requests and responses in /var/log/ops.log", "Anfragen und Antworten werden in /var/log/ops.log protokolliert."
"Make sure the global Magento logging is also enabled.", "Stellen Sie sicher, dass das globale Logging in Magento ebenfalls aktiviert ist."
"If set to <em>Yes></em>, customers will be redirected to the external PayEngine payment page.", "Wenn <em>Ja</em> gewählt ist, werden Kunden zur externen PayEngine-Bezahlseite weitergeleitet."
"For the selected card types, the customer can enter the credit card details directly in the checkout.", "Für die hier gewählten Kartentypen kann der Kunde seine Kreditkarten-Daten direkt im Checkout eingeben."
"If the customer's credit card supports 3D Secure, he will be redirected to an external page to enter his password.", "Wenn die Kreditkarte des Kunden 3D Secure unterstützt, wird er zu einer externen Seite weitergeleitet, um sein Passwort einzugeben."
"This sets if this payment method should also be available for orders from the Magento backend.", "Legt fest, ob diese Zahlart auch für Bestellungen im Magento-Backend verfügbar sein soll."
"Make sure that <em>gender</em> and <em>date of birth</em> are required fields in the checkout. Otherwise this payment method will not be displayed.", "Stellen Sie sicher, dass <em>Geschlecht</em> und <em>Geburtstag</em> im Checkout Pflichtfelder sind. Ansonsten wird diese Zahlart nicht angezeigt."
"By choosing this payment method the choice of the concrete payment method will be on PayEngine side.", "Die konkrete Auswahl der Zahlart erfolgt nach der Bestellung auf PayEngine Seite."
"Additional PayEngine payment methods", "Zusätzliche PayEngine Zahlarten"
"A generic payment method, that lets the customer choose the exact method on PayEngine side.", "Generische Zahlart, die den Kunden die konkrete Zahlart auf PayEngine Seite auswählen lässt."
"Depending on the selection the extension will communicate with the PayEngine test or production service. Choose custom, if you have to use special urls for the gateway.", "Abhängig von Ihrer Auswahl wird das Modul die Test- oder Produktiv-Schnittstelle von PayEngine ansteuern. Wählen Sie 'Angepasst', wenn Sie spezielle Gateway-Urls nutzen."
"prod", "Produktiv"
"test", "Test"
"custom", "Angepasst"
"Mode", "Umgebung"
"<p id='ops_mode_comment' style='color:red; display:none;'>Please note that, after changing this value, you might also need to update additional fields like API-User and password, PSPID or SHA-IN/OUT pass phrase.</p>", "<p id='ops_mode_comment' style='color:red; display:none;'>Bitte beachten Sie, dass Sie nach dem Ändern dieses Wertes gegebenenfalls auch andere Werte wie API Benutzer und Passwort, PSPID und SHA-IN/OUT Signatur anpassen müssen.</p>"
"Resend payment information", "Zahlungsinformationen erneut senden"
"PayEngine resend payment information", "PayEngine Zahlungsinformationen erneut senden"
"Payment information has been resend to customer.", "Zahlungsinformationen wurden an den Kunden gesendet."
"Payment information could not be sent.", "Die Zahlungsinformationen konnten nicht versendet werden."
"Resend payment information identity", "Absender für den Zahlungsinformationen-Neuversand"
"Sender identity. See 'Store Email Adresses'.", "Identität des Senders. Siehe auch 'Store E-Mail-Adressen'"
"Resend payment information template", "Mail-Template für den Zahlungsinformationen-Neuversand"
"The email template to use. Choose 'Default Template from Locale' to use PayEngine extensions default template.", "Das E-Mail-Template, das verwendet wird. Wählen Sie 'Standardvorlage von  Gebietsschema', um die PayEngine Modul Standardvorlage zu verwenden."
"This payment method always uses direct sale as payment action.", "Für diese Zahlart wird immer Direktbelastung als Zahlungsaktion verwendet."
"Allow payment method for discounted carts. Please note that not all aquirers support transmission of discount items.", "Erlaube Zahlart auch bei reduziertem Warenkorb. Bitte beachten Sie, dass nicht alle Zahlungsdienstleister reduzierte Artikel unterstützen."
"Maximum length for this field is 35 characters.", "Die Maximallänge für dieses Feld ist 35 Zeichen."
"Enable state restriction", "Aktiviere Status-Einschränkungen"
"If enabled the order status changes that differ from the expected status of the order for the PayEngine status will get reverted. This can cause conflicts if you use custom order statuses.", "Wenn aktiviert, werden Änderungen des Bestell-Status zurückgesetzt, wenn der Status nicht mit dem für den PayEngine Status erwarteten Wert übereinstimmt. Dies kann zu Konflikten führen, wenn Sie angepasste Bestellstati verwenden."
"Your payment data could not be saved by PayEngine. Please <a href='javascript:void(0)' onclick='payment.handleBrandChange();'>retry</a> or select another payment method.", "Die Zahlungsdaten konnten durch PayEngine nicht gespeichert werden. Bitte <a href='javascript:void(0)' onclick='payment.handleBrandChange();'>versuchen Sie es erneut</a> oder verwenden Sie eine andere Zahlart."
"Your payment data is ready to be processed by PayEngine. You can <a href='javascript:void(0)' onclick='payment.handleBrandChange();'>reset it</a> or still select another payment method.", "Ihre Zahlungsdaten sind bereit zur Verarbeitung durch PayEngine. Sie können die Daten noch <a href='javascript:void(0)' onclick='payment.handleBrandChange();'>zurücksetzen</a> oder andere Zahlarten auswählen."
"Your payment data is ready to be processed by PayEngine. You can <a href='javascript:void(0)' onclick='payment.reloadIframe();'>reset it</a> or still select another payment method.", "Ihre Zahlungsdaten sind bereit zur Verarbeitung durch PayEngine. Sie können die Daten noch <a href='javascript:void(0)' onclick='payment.reloadIframe();'>zurücksetzen</a> oder andere Zahlarten auswählen."
"Your payment data could not be saved by PayEngine. Please <a href='javascript:void(0)' onclick='payment.reloadIframe();'>retry</a> or select another payment method.", "Die Zahlungsdaten konnten durch PayEngine nicht gespeichert werden. Bitte <a href='javascript:void(0)' onclick='payment.reloadIframe();'>versuchen Sie es erneut</a> oder verwenden Sie eine andere Zahlart."
"Please wait, while we load the PayEngine payment form.", "Bitte warten Sie, während das PayEngine Zahlungsformular geladen wird."
"If this option is enabled, the customer's alias data will be saved in the shop. The data can then be used again later if the buyer has stored them permanently on PayEngine side.", "Ist diese Option aktiviert, werden die Aliasdaten des Käufers im Shop gespeichert. Die Daten können dann später wiederverwendet werden, sofern der Käufer die Daten auf PayEngine Seite speichern lies."
"PayEngine - Redirect mode", "PayEngine - Weiterleitungs-Modus"
"Magento - internal shop template", "Magento - Internes Template"
"PayEngine - iFrame mode", "PayEngine - iFrame-Modus"
"PayEngine - Dynamic template", "PayEngine - Dynamisches Template"
"Enter the TemplateRootId you received from PayEngine or the url to an external template.", "Geben Sie hier die von PayEngine erhaltene TemplateRootId oder die Url zu einem Template ein."
"For an easier PCI compliance we recommend redirect mode, iFrame mode or dynamic template with the template hosted on PayEngine servers.", "Für einfachere PCI Compliance empfehlen wir den Weiterleitungs-Modus, den iFrame-Modus oder das dynamische Template, wenn es auf den Servern von PayEngine gehosted wird."
"With this setting the customer will enter the payment details on a page in your shop that hosts the PayEngine paypage in an iFrame. You can style the paypage through the parameters below.", "Mit dieser Einstellung verbleibt der Kunde in Ihrem Shop und die Zahlungsseite von PayEngine wird über ein iFrame geladen. Sie können die Zahlungsseite über die folgenden Parameter gestalten."
"With this setting the customer will be redirected to the PayEngine paypage with the look and feel of your shop. </br> The template used can be seen here: </br>", "Mit dieser Einstellung wird der Kunde zur Zahlung zu PayEngine weitergeleitet. Das Aussehen der Zahlungsseite entspricht dabei Ihrem Shop. </br> Das entsprechende Template kann hier angesehen werden: </br>"
"With this setting the customer will be redirected to the PayEngine paypage. The look and feel of that page will be defined by a dynamically loaded template file that you can define below.", "Mit dieser Einstellung wird der Käufer zur PayEngine Bezahlseite weitergeleitet. Das Aussehen der Seite kann durch eine dynamisch geladene Vorlagendatei bestimmt werden, welche unten angegeben werden kann."
"With this setting the customer will get redirected to PayEngine to enter his payment details. You can style the page through the parameters below.", "Mit dieser Einstellung wird der Kunde zur Eingabe seiner Zahlungsdaten an PayEngine weitergeleitet. Die Zahlungsseite können Sie durch die folgenden Parameter stylen."
"PayEngine Subscription Manager via Cc", "PayEngine Abonnement-Verwaltung über Cc"
"<p id='ops_recurring_cc_active_comment' style='color:red; display:none;'>To use this functionality you have to have the Subscription manager function enabled in the PayEngine backend.</p>", "<p id='ops_recurring_cc_active_comment' style='color:red; display:none;'>Um dieses Feature nutzen zu können, müssen Sie die Option zur Abonnement-Verwaltung in Ihrem PayEngine Account aktiviert haben.</p>"
"This payment method is used to handle subscriptions via PayEngine through Magentos recurring profiles. It is only available for orders containing only nominal items.", "Diese Zahlart wird zum Verwalten von Abonnements über Magentos Wiederkehrende Profile verwendet. Sie ist nur für Bestellungen verfügbar, die entsprechende Produkte enthalten."
"A subscription will be created. This will charge you %s every %s %s.", "Ein Abonnement wird erstellt. Dadurch wird Ihnen ein Betrag von %s jede(n) %s. %s berechnet."
" The subscription will end on %s.", " Das Abonnement wird am %s enden."
"A trial subscription will be created. This will charge you %s every %s %s until %s.", "Ein Probe-Abonnement wird erstellt. Dadurch wird Ihnen ein Betrag von %s jede(n) %s. %s berechnet. Das Test-Abonnement läuft bis zum %s."
"To cancel the subscription, please send an email to the shop owner or request this by clicking the suspend button on the subscriptions detail view in your customer account. A link to that page will be displayed on the checkout success page.", "Um das Abonnement zu beenden, können Sie dem Shop-Inhaber eine E-Mail senden oder dies beantragen, indem Sie in der Detail-Ansicht des Abonnements in Ihrem Kunden-Account auf den Button 'Aufheben' klicken. Die Bestellbestätigungs-Seite enthält zudem einen Link auf die besagte Seite."
"You will be charged an initial amount of %s.", "Ihnen wird ein initialer Betrag von %s berechnet."
"Are you sure you want to perform this action? Canceling the subscription here will not actually cancel the subscription on PayEngine side. To stop charging the customer you will have to deactivate the subscription there.", "Sind Sie sicher, dass Sie diese Aktion ausführen wollen? Hierdurch wird nur der Status in Magento gesetzt. Um dem Kunden keine weiteren Beträge zu berechnen, muss das Abonnement auf PayEngine-Seite beendet werden."
"Are you sure you want to perform this action? Suspending the subscription here will not actually cancel the subscription on PayEngine side. To stop charging the customer you will have to deactivate the subscription there.", "Sind Sie sicher, dass Sie diese Aktion ausführen wollen? Hierdurch wird nur der Status in Magento gesetzt. Um dem Kunden keine weiteren Beträge zu berechnen, muss das Abonnement auf PayEngine-Seite ausgesetzt werden."
"Billing day for weekly subscriptions", "Abrechnungstag für wöchentliche Abonnements"
"Determines the day of the week when a weekly subscription gets triggered.", "Legt den Wochentag fest, an dem die Abrechnung von wöchentlichen Abonnements ausgeführt wird."
"Billing day for monthly subscriptions", "Abrechnungstag für monatliche Abonnements"
"Determines the day of the month when a monthly subscription gets triggered.", "Legt den Tag des Monats fest, an dem die Abrechnung von monatlichen Abonnements ausgeführt wird."
"Store contact responsible for subscription handling", "Für Abonnement-Verwaltung verantwortlicher Kontakt"
"This contact will receive the suspend/cancel requests for the subscriptions. See 'Store Email Adresses'.", "Dieser Kontakt wird die Aussetzungs-/Stornierungs-E-Mails für Abonnements von Kunden erhalten. Siehe auch 'Store E-Mail Adressen'."
"E-Mail template for suspending/canceling a subscription", "E-Mail-Template für Aussetzung/Stornierung eines Abonnements"
"This e-mail template is used for the automatically generated e-mail that is sent to the corresponding contact, if a customer wants to cancel a subscription.", "Diese E-Mail-Vorlage wird für die automatisch generierte E-Mail verwendet, die an die Kontaktadresse gesendet wird, wenn der Käufer ein Abo abbestellen will."
"PayEngine suspend subscription request", "PayEngine Abonnement Stornierungsanfrage"
"You are not allowed to suspend this subscription!", "Es ist Ihnen nicht erlaubt dieses Abonnement auszusetzen!"
"Your suspend request was successfully sent. A copy of the email will be sent to your address.", "Ihre Anfrage zur Stilllegung des Abonnements wurde versendet. Sie erhalten eine Kopie der E-Mail an Ihre E-Mail-Adresse"
"Could not send suspend mail, please try again or contact our support directly.", "Stilllegungsanfrage konnte nicht versendet werden, bitte kontaktieren Sie unseren Support direkt."
"Automatic activation not possible. Please contact our support team.", "Automatische Aktivierung nicht möglich. Bitte kontaktieren Sie unser Support-Team"
"To actually suspend the subscription an update in the PayEngine backend is needed.", "Um das Abonnement tatsächlich zu deaktivieren, ist ein Update im PayEngine Administrationsbereich notwendig."
"To actually cancel the subscription an update in the PayEngine backend is needed.", "Um das Abonnement tatsächlich zu stornieren, ist ein Update im PayEngine Administrationsbereich notwendig."
"To actually activate the subscription an update in the PayEngine backend is needed.", "Um das Abonnement tatsächlich zu aktivieren, ist ein Update im PayEngine Administrationsbereich notwendig."
"When using %s as payment method the settings for '%s' and '%s' will not be processed.", "Wenn %s als Zahlungsart verwendet wird, finden die Optionen '%s' und '%s' keine Anwendung."
"Enable device fingerprinting", "Aktiviere Gerät-Fingerabdruck"
"When enabling this, you still need to request the explicit consent of the customer in the checkout to transmit this data.", "Wenn aktiviert, muss weiterhin die Zustimmung des Kunden im Checkout erteilt werden, damit diese Daten übertragen werden dürfen."
"This functionality will transmit specific customer data as hash to PayEngine to identify the device from which the transaction was sent can be identified with the highest probability.", "Diese Funktion sammelt spezifische Kunden-/Gerätedaten, hasht diese und überträgt sie an PayEngine, um das Gerät von dem die Transaktion gesendet wurde möglichst eindeutig zu identifizieren. "
"Enter new credit card data...", "Neue Kreditkartendaten eingeben..."
"Please enter a valid credit card number.", "Bitte geben Sie eine gültige Kreditkartennummer ein."
"This is a required field.", "Dies ist ein Pflichtfeld."
"Timeout for transactions", "Zeitüberschreitung für Transaktionen"
"This must be identical to the value in the PayEngine backend in section <em>Technical information</em> on tab <em>Global security parameters</em>.", "Muss identisch mit dem Wert im PayEngine-Backend unter <em>Technische Informationen</em> auf dem Tab <em>Globale Sicherheitsparameter</em> sein."
"Hash algorithm", "Hash-Algorithmus"
"Order has been canceled permanently in Magento. Changes in PayEngine platform will no longer be considered.", "Bestellung wurde in Magento dauerhaft storniert. Änderungen auf der PayEngine Plattform werden nicht mehr berücksichtigt."
"The order has been accepted in Magento only. For the actual status of the payment check the PayEngine backend.", "Bestellung wurde nur in Magento akzeptiert. Für den tatsächlichen Zahlungsstatus prüfen Sie bitte das PayEngine Backend."
"Received PayEngine feedback status %s.", "PayEngine Feedback Status %s empfangen."
"Customer received your payment instructions, waiting for actual payment.", "Käufer hat Ihren Zahlungshinweis erhalten, warte auf tatsächliche Zahlung."
"Customer redirected for 3DS authorization.", "Käufer zur 3DS-Autorisierung umgeleitet."
"PayEngine status 0, the action failed.", "PayEngine Status 0, Vorgang fehlgeschlagen."
"Payment failed because the authorization was declined! Please choose another payment method.", "Zahlung fehlgeschlagen weil Autorisierung abgelehnt wurde! Bitte wählen Sie eine andere Zahlart."
"Received PayEngine feedback status update with final status %s.", "PayEngine Feedback mit endgültigem Status %s empfangen ."
"Received PayEngine feedback status update with suspected fraud status %s. Please have a look in PayEngine backend for more information.", "PayEngine Feedback mit Betrugsverdacht-Status %s empfangen. Bitte prüfen Sie das PayEngine Backend für weitere Informationen."
"Received PayEngine feedback status update with intermediate status %s.", "PayEngine Feedback mit Zwischen-Status %s empfangen."
"Received PayEngine feedback status update with refused status %s.", "PayEngine Feedback mit abgelehntem Status %s empfangen."
"Payment has been authorized by PayEngine, but not yet captured.", "Zahlung wurde durch PayEngine autorisiert, aber noch nicht erfasst."
"%s is not a authorize status!", "%s ist kein Autorisierungs-Status"
"%s is not a capture status!", "%s ist kein Erfasst-Status"
"%s is not a void status!", "%s ist keine Void-Status"
"%s is not a refund status!", "%s ist kein Erstattungs-Status"
"%s is not a special status!", "%s ist kein spezieller Status"
"Status %s can not be voided.", "Status %s kann nicht auf Void gesetzt werden."
"No update available from PayEngine.", "Kein Update von PayEngine verfügbar."
"Received PayEngine status %s. Order cancelled.", "PayEngine Feedback Status %s empfangen. Bestellung storniert."
"If activated an extra parameter is transmitted to PayEngine for the Creditcard/Debitcard payment methods.", "Bei Aktivierung wird ein zusätzlicher Parameter für Kreditkarten- / Debitkarten-Zahlarten an PayEngine übertragen."
"See also <a title='Split credit/debit cards' target='_blank' href='https://payment-services.ingenico.com/int/en/ogone/support/guides/integration%20guides/split-credit-debit-cards'>PayEngine documentation</a>.", "Siehe auch <a title='Split credit/debit cards' target='_blank' href='https://payment-services.ingenico.com/int/en/ogone/support/guides/integration%20guides/split-credit-debit-cards'>PayEngine Dokumentation</a>."
"Refund refused by PayEngine.", "Erstattung seitens PayEngine abgelehnt."
"Add Method", "Zahlart hinzufügen"
"PM and Brand combination must be unique", "Kombination aus PM und BRAND muss einzigartig sein."
"Can not save empty title or PM fields", "Kann leere Titel- oder PM-Felder nicht speichern."
"A generic option, that lets the customer choose the exact method on PayEngine side.", "Universelle Option, durch die der Käufer die konkrete Zahlart auf der PayEngine Seite wählen kann."
"Add one or more methods. In field 'PM' you will have to enter the PM value you got from PayEngine, same goes for the field 'BRAND'.", "Eine oder mehrere Zahlarten hinzufügen. In das Feld 'PM' muss der PM-Wert eingetragen werden, den Sie von PayEngine erhalten haben. Gleiches gilt für das Feld 'BRAND'."
"Methods", "Zahlarten"
"Show empty default option", "Leere Standard-Option anzeigen"
"PayEngine Flex payment method", "PayEngine Flex-Zahlart"
"Title to display for the default option.", "Titel zur Anzeige der Standard-Option"
"Default option title", "Standard-Option Titel"
"Extension Version", "Extension Version"
"Documentation", "Dokumentation"
"English", "Englisch"
"German", "Deutsch"
"First Aid - FAQ", "Erste Hilfe - FAQ"
"Need support? Contact PayEngine:", "Support benötigt? Kontaktieren Sie PayEngine:"
"Download Logfile", "Log-Datei herunterladen"
"Show catalog button", "Zeige Katalog-Button"
"Show home button", "Zeige Home-Button"
"Credit/Debit card Split", "Trennung Kredit-/Debitkarte"
